thisN,thisTrialN,thisRepN,tilt,key_resp.keys,key_resp.corr,key_resp.rt,key_resp.duration,trials.thisRepN,trials.thisTrialN,trials.thisN,trials.thisIndex,thisRow.t,notes,piloting,trial.started,fixation.started,key_resp.started,fixation.stopped,trial.stopped,trials.tilt,trials.key_resp.keys,trials.key_resp.corr,trials.key_resp.rt,trials.key_resp.duration,participant,session,date,expName,expVersion,psychopyVersion,frameRate,expStart,
0,0,0,0,up,1,0.4037487998139113,None,0,0,0,0,0.0359804998151958,,True,0.01950049982406199,0.0359804998151958,1.003275399794802,1.0372322998009622,1.4157532998360693,0,up,1,0.4037487998139113,None,pilot,001,2026-09-27_23h40.36.248,signal detection_2,,2026.2.4,60.145347246611095,2026-09-27 23h40.36.282504 +0530,
1,0,1,4,down,1,0.9965192000381649,None,1,0,1,0,1.434762799879536,,,1.4160373997874558,1.434762799879536,2.418994899839163,2.4367776999715716,3.423251499887556,4,down,1,0.9965192000381649,None,pilot,001,2026-09-27_23h40.36.248,signal detection_2,,2026.2.4,60.145347246611095,2026-09-27 23h40.36.282504 +0530,
2,0,2,1,up,0,0.9359843998681754,None,2,0,2,0,3.435855599818751,,,3.423744599800557,3.435855599818751,4.436286399839446,4.436286399839446,5.377388399792835,1,up,0,0.9359843998681754,None,pilot,001,2026-09-27_23h40.36.248,signal detection_2,,2026.2.4,60.145347246611095,2026-09-27 23h40.36.282504 +0530,
3,0,3,0,up,1,1.0260067000053823,None,3,0,3,0,5.385487899882719,,,5.37771139992401,5.385487899882719,6.386527499882504,6.386527499882504,7.424488899996504,0,up,1,1.0260067000053823,None,pilot,001,2026-09-27_23h40.36.248,signal detection_2,,2026.2.4,60.145347246611095,2026-09-27 23h40.36.282504 +0530,
4,0,4,-5,down,1,0.4394379002042115,None,4,0,4,0,7.436190799809992,,,7.424824099987745,7.436190799809992,8.437310899840668,8.437310899840668,8.891791199799627,-5,down,1,0.4394379002042115,None,pilot,001,2026-09-27_23h40.36.248,signal detection_2,,2026.2.4,60.145347246611095,2026-09-27 23h40.36.282504 +0530,
5,0,5,-3,down,1,0.7845302999485284,None,5,0,5,0,8.902496399823576,,,8.892125999787822,8.902496399823576,9.90430729999207,9.90430729999207,10.691456499975175,-3,down,1,0.7845302999485284,None,pilot,001,2026-09-27_23h40.36.248,signal detection_2,,2026.2.4,60.145347246611095,2026-09-27 23h40.36.282504 +0530,
6,0,6,-5,down,1,0.5863956999965012,None,6,0,6,0,10.703117899829522,,,10.69179379986599,10.703117899829522,11.702883399790153,11.702883399790153,12.291615899885073,-5,down,1,0.5863956999965012,None,pilot,001,2026-09-27_23h40.36.248,signal detection_2,,2026.2.4,60.145347246611095,2026-09-27 23h40.36.282504 +0530,
7,0,7,1,down,1,1.0610359001439065,None,7,0,7,0,12.302357699954882,,,12.291990299941972,12.302357699954882,13.302687199786305,13.302687199786305,14.373123199911788,1,down,1,1.0610359001439065,None,pilot,001,2026-09-27_23h40.36.248,signal detection_2,,2026.2.4,60.145347246611095,2026-09-27 23h40.36.282504 +0530,
8,0,8,-2,up,0,0.5376757001504302,None,8,0,8,0,14.385562499985099,,,14.373436499852687,14.385562499985099,15.385433299932629,15.385433299932629,15.925770699977875,-2,up,0,0.5376757001504302,None,pilot,001,2026-09-27_23h40.36.248,signal detection_2,,2026.2.4,60.145347246611095,2026-09-27 23h40.36.282504 +0530,
9,0,9,4,down,1,0.6215668001677841,None,9,0,9,0,15.93581509985961,,,15.926153099862859,15.93581509985961,16.935878799995407,16.935878799995407,17.55811779992655,4,down,1,0.6215668001677841,None,pilot,001,2026-09-27_23h40.36.248,signal detection_2,,2026.2.4,60.145347246611095,2026-09-27 23h40.36.282504 +0530,
10,0,10,-3,up,0,0.7288995999842882,None,10,0,10,0,17.5696526998654,,,17.55848229979165,17.5696526998654,18.56931980000809,18.56931980000809,19.307336899917573,-3,up,0,0.7288995999842882,None,pilot,001,2026-09-27_23h40.36.248,signal detection_2,,2026.2.4,60.145347246611095,2026-09-27 23h40.36.282504 +0530,
11,0,11,0,down,0,0.7052720999345183,None,11,0,11,0,19.31868929998018,,,19.307635199977085,19.31868929998018,20.319783099927008,20.319783099927008,21.0423477999866,0,down,0,0.7052720999345183,None,pilot,001,2026-09-27_23h40.36.248,signal detection_2,,2026.2.4,60.145347246611095,2026-09-27 23h40.36.282504 +0530,
12,0,12,0,down,0,0.5799636000301689,None,12,0,12,0,21.05272849998437,,,21.042742899851874,21.05272849998437,22.052069099852815,22.052069099852815,22.640336699783802,0,down,0,0.5799636000301689,None,pilot,001,2026-09-27_23h40.36.248,signal detection_2,,2026.2.4,60.145347246611095,2026-09-27 23h40.36.282504 +0530,
13,0,13,0,down,0,0.5780476999934763,None,13,0,13,0,22.652592499973252,,,22.640634499955922,22.652592499973252,23.652448399923742,23.652448399923742,24.23852359992452,0,down,0,0.5780476999934763,None,pilot,001,2026-09-27_23h40.36.248,signal detection_2,,2026.2.4,60.145347246611095,2026-09-27 23h40.36.282504 +0530,
14,0,14,-2,down,1,0.5632146999705583,None,14,0,14,0,24.2517583000008,,,24.238786099944264,24.2517583000008,25.25235869991593,25.25235869991593,25.823461199877784,-2,down,1,0.5632146999705583,None,pilot,001,2026-09-27_23h40.36.248,signal detection_2,,2026.2.4,60.145347246611095,2026-09-27 23h40.36.282504 +0530,
15,0,15,-2,up,0,0.6110918000340462,None,15,0,15,0,25.8359394997824,,,25.82383279991336,25.8359394997824,26.835714499931782,26.835714499931782,27.454582799924538,-2,up,0,0.6110918000340462,None,pilot,001,2026-09-27_23h40.36.248,signal detection_2,,2026.2.4,60.145347246611095,2026-09-27 23h40.36.282504 +0530,
16,0,16,-2,down,1,1.2999088000506163,None,16,0,16,0,27.46862219995819,,,27.454825499793515,27.46862219995819,28.4687144998461,28.4687144998461,29.775270299986005,-2,down,1,1.2999088000506163,None,pilot,001,2026-09-27_23h40.36.248,signal detection_2,,2026.2.4,60.145347246611095,2026-09-27 23h40.36.282504 +0530,
17,0,17,-5,down,1,0.6432537001091987,None,17,0,17,0,29.78518409980461,,,29.77554679987952,29.78518409980461,30.785489399917424,30.785489399917424,31.437690099934116,-5,down,1,0.6432537001091987,None,pilot,001,2026-09-27_23h40.36.248,signal detection_2,,2026.2.4,60.145347246611095,2026-09-27 23h40.36.282504 +0530,
18,0,18,0,down,0,1.3045586999505758,None,18,0,18,0,31.4511816999875,,,31.43791489978321,31.4511816999875,32.45227549993433,32.45227549993433,33.77461879979819,0,down,0,1.3045586999505758,None,pilot,001,2026-09-27_23h40.36.248,signal detection_2,,2026.2.4,60.145347246611095,2026-09-27 23h40.36.282504 +0530,
19,0,19,4,down,1,0.7898256999906152,None,19,0,19,0,33.78583449986763,,,33.77493409998715,33.78583449986763,34.78565409989096,34.78565409989096,35.58796179993078,4,down,1,0.7898256999906152,None,pilot,001,2026-09-27_23h40.36.248,signal detection_2,,2026.2.4,60.145347246611095,2026-09-27 23h40.36.282504 +0530,
20,0,20,0,up,1,0.6551702001597732,None,20,0,20,0,35.60227409983054,,,35.58821519999765,35.60227409983054,36.6020744999405,36.6020744999405,37.25818209978752,0,up,1,0.6551702001597732,None,pilot,001,2026-09-27_23h40.36.248,signal detection_2,,2026.2.4,60.145347246611095,2026-09-27 23h40.36.282504 +0530,
21,0,21,-5,down,1,0.6070497001055628,None,21,0,21,0,37.26790549978614,,,37.258584699826315,37.26790549978614,38.26782219996676,38.26782219996676,38.88872259994969,-5,down,1,0.6070497001055628,None,pilot,001,2026-09-27_23h40.36.248,signal detection_2,,2026.2.4,60.145347246611095,2026-09-27 23h40.36.282504 +0530,
22,0,22,-5,down,1,0.6024680000264198,None,22,0,22,0,38.901800899999216,,,38.889070599805564,38.901800899999216,39.90102619980462,39.90102619980462,40.50924179982394,-5,down,1,0.6024680000264198,None,pilot,001,2026-09-27_23h40.36.248,signal detection_2,,2026.2.4,60.145347246611095,2026-09-27 23h40.36.282504 +0530,
23,0,23,0,up,1,0.855178700061515,None,23,0,23,0,40.5182696999982,,,40.50964179984294,40.5182696999982,41.51904829987325,41.51904829987325,42.387491799890995,0,up,1,0.855178700061515,None,pilot,001,2026-09-27_23h40.36.248,signal detection_2,,2026.2.4,60.145347246611095,2026-09-27 23h40.36.282504 +0530,
24,0,24,1,up,0,0.9194034999236465,None,24,0,24,0,42.401794999837875,,,42.38774469983764,42.401794999837875,43.40139329992235,43.40139329992235,44.324480899842456,1,up,0,0.9194034999236465,None,pilot,001,2026-09-27_23h40.36.248,signal detection_2,,2026.2.4,60.145347246611095,2026-09-27 23h40.36.282504 +0530,
25,0,25,-3,down,1,0.5155596998520195,None,25,0,25,0,44.334877599962056,,,44.324802399845794,44.334877599962056,45.33562059979886,45.33562059979886,45.857729899929836,-3,down,1,0.5155596998520195,None,pilot,001,2026-09-27_23h40.36.248,signal detection_2,,2026.2.4,60.145347246611095,2026-09-27 23h40.36.282504 +0530,
26,0,26,1,up,0,0.7263541000429541,None,26,0,26,0,45.86798889981583,,,45.85806999984197,45.86798889981583,46.86799989989959,46.86799989989959,47.60467779985629,1,up,0,0.7263541000429541,None,pilot,001,2026-09-27_23h40.36.248,signal detection_2,,2026.2.4,60.145347246611095,2026-09-27 23h40.36.282504 +0530,
27,0,27,0,up,1,0.7512352999765426,None,27,0,27,0,47.617903099860996,,,47.60493559995666,47.617903099860996,48.61831959988922,48.61831959988922,49.37419359991327,0,up,1,0.7512352999765426,None,pilot,001,2026-09-27_23h40.36.248,signal detection_2,,2026.2.4,60.145347246611095,2026-09-27 23h40.36.282504 +0530,
28,0,28,0,up,1,0.7025673999451101,None,28,0,28,0,49.385053699836135,,,49.37454059999436,49.385053699836135,50.38547509978525,50.38547509978525,51.08924559992738,0,up,1,0.7025673999451101,None,pilot,001,2026-09-27_23h40.36.248,signal detection_2,,2026.2.4,60.145347246611095,2026-09-27 23h40.36.282504 +0530,
29,0,29,-3,down,1,0.9033301998861134,None,29,0,29,0,51.101322499802336,,,51.08955839998089,51.101322499802336,52.100829999893904,52.100829999893904,53.00660299998708,-3,down,1,0.9033301998861134,None,pilot,001,2026-09-27_23h40.36.248,signal detection_2,,2026.2.4,60.145347246611095,2026-09-27 23h40.36.282504 +0530,
30,0,30,0,up,1,0.8923065001145005,None,30,0,30,0,53.0184913999401,,,53.00690339994617,53.0184913999401,54.01856919983402,54.01856919983402,54.92166519979946,0,up,1,0.8923065001145005,None,pilot,001,2026-09-27_23h40.36.248,signal detection_2,,2026.2.4,60.145347246611095,2026-09-27 23h40.36.282504 +0530,
31,0,31,0,down,0,0.7828694998752326,None,31,0,31,0,54.93410600000061,,,54.92196879978292,54.93410600000061,55.934590299846604,55.934590299846604,56.72419199999422,0,down,0,0.7828694998752326,None,pilot,001,2026-09-27_23h40.36.248,signal detection_2,,2026.2.4,60.145347246611095,2026-09-27 23h40.36.282504 +0530,
32,0,32,1,up,0,1.0518018000293523,None,32,0,32,0,56.735718299867585,,,56.7247107999865,56.735718299867585,57.73425280000083,57.73425280000083,58.7874347998295,1,up,0,1.0518018000293523,None,pilot,001,2026-09-27_23h40.36.248,signal detection_2,,2026.2.4,60.145347246611095,2026-09-27 23h40.36.282504 +0530,
33,0,33,0,up,1,1.0024248000700027,None,33,0,33,0,58.80120829981752,,,58.78765119984746,58.80120829981752,59.79957899986766,59.815969299990684,60.80637959996238,0,up,1,1.0024248000700027,None,pilot,001,2026-09-27_23h40.36.248,signal detection_2,,2026.2.4,60.145347246611095,2026-09-27 23h40.36.282504 +0530,
34,0,34,0,up,1,1.0046867998316884,None,34,0,34,0,60.81763039994985,,,60.80664819991216,60.81763039994985,61.818653099937364,61.818653099937364,62.83756549982354,0,up,1,1.0046867998316884,None,pilot,001,2026-09-27_23h40.36.248,signal detection_2,,2026.2.4,60.145347246611095,2026-09-27 23h40.36.282504 +0530,
35,0,35,-3,up,0,0.5716444000136107,None,35,0,35,0,62.85087109985761,,,62.837821799796075,62.85087109985761,63.851802999852225,63.851802999852225,64.43943559983745,-3,up,0,0.5716444000136107,None,pilot,001,2026-09-27_23h40.36.248,signal detection_2,,2026.2.4,60.145347246611095,2026-09-27 23h40.36.282504 +0530,
36,0,36,0,up,1,0.5943469000048935,None,36,0,36,0,64.45107879978605,,,64.43972769984975,64.45107879978605,65.45146359992214,65.45146359992214,66.05593779985793,0,up,1,0.5943469000048935,None,pilot,001,2026-09-27_23h40.36.248,signal detection_2,,2026.2.4,60.145347246611095,2026-09-27 23h40.36.282504 +0530,
37,0,37,-5,up,0,0.6489326001610607,None,37,0,37,0,66.06808719993569,,,66.05628329981118,66.06808719993569,67.06795799988322,67.08499099989422,67.72332389978692,-5,up,0,0.6489326001610607,None,pilot,001,2026-09-27_23h40.36.248,signal detection_2,,2026.2.4,60.145347246611095,2026-09-27 23h40.36.282504 +0530,
38,0,38,-5,down,1,0.6627652000170201,None,38,0,38,0,67.73442989983596,,,67.72363689984195,67.73442989983596,68.73473299993202,68.73473299993202,69.40596179990098,-5,down,1,0.6627652000170201,None,pilot,001,2026-09-27_23h40.36.248,signal detection_2,,2026.2.4,60.145347246611095,2026-09-27 23h40.36.282504 +0530,
39,0,39,-2,up,0,0.8761058000382036,None,39,0,39,0,69.41775629995391,,,69.40629439987242,69.41775629995391,70.41821079980582,70.41821079980582,71.30488029983826,-2,up,0,0.8761058000382036,None,pilot,001,2026-09-27_23h40.36.248,signal detection_2,,2026.2.4,60.145347246611095,2026-09-27 23h40.36.282504 +0530,
40,0,40,0,up,1,0.7087320999708027,None,40,0,40,0,71.31753179989755,,,71.30515349982306,71.31753179989755,72.3178190998733,72.3178190998733,73.03666029986925,0,up,1,0.7087320999708027,None,pilot,001,2026-09-27_23h40.36.248,signal detection_2,,2026.2.4,60.145347246611095,2026-09-27 23h40.36.282504 +0530,
41,0,41,-5,up,0,0.6379038000013679,None,41,0,41,0,73.05096479994245,,,73.03696900000796,73.05096479994245,74.04916709987447,74.06583559978753,74.68887849990278,-5,up,0,0.6379038000013679,None,pilot,001,2026-09-27_23h40.36.248,signal detection_2,,2026.2.4,60.145347246611095,2026-09-27 23h40.36.282504 +0530,
42,0,42,0,up,1,0.9325073000509292,None,42,0,42,0,74.7012447998859,,,74.68915729993023,74.7012447998859,75.70183269982226,75.70183269982226,76.639232999878,0,up,1,0.9325073000509292,None,pilot,001,2026-09-27_23h40.36.248,signal detection_2,,2026.2.4,60.145347246611095,2026-09-27 23h40.36.282504 +0530,
43,0,43,0,up,1,0.6141143999993801,None,43,0,43,0,76.65091219986789,,,76.63950349995866,76.65091219986789,77.65156539995223,77.66790309990756,78.27368829981424,0,up,1,0.6141143999993801,None,pilot,001,2026-09-27_23h40.36.248,signal detection_2,,2026.2.4,60.145347246611095,2026-09-27 23h40.36.282504 +0530,
44,0,44,0,up,1,0.7974288000259548,None,44,0,44,0,78.28465669997968,,,78.2740055997856,78.28465669997968,79.28451589983888,79.28451589983888,80.08382850000635,0,up,1,0.7974288000259548,None,pilot,001,2026-09-27_23h40.36.248,signal detection_2,,2026.2.4,60.145347246611095,2026-09-27 23h40.36.282504 +0530,
45,0,45,0,up,1,0.6017620998900384,None,45,0,45,0,80.09948659990914,,,80.08396919979714,80.09948659990914,81.09894329984672,81.09894329984672,81.70490109990351,0,up,1,0.6017620998900384,None,pilot,001,2026-09-27_23h40.36.248,signal detection_2,,2026.2.4,60.145347246611095,2026-09-27 23h40.36.282504 +0530,
46,0,46,4,down,1,0.6440701999235898,None,46,0,46,0,81.71693949983455,,,81.70519699994475,81.71693949983455,82.71694239997305,82.71694239997305,83.37180639989674,4,down,1,0.6440701999235898,None,pilot,001,2026-09-27_23h40.36.248,signal detection_2,,2026.2.4,60.145347246611095,2026-09-27 23h40.36.282504 +0530,
47,0,47,1,up,0,0.9015539998654276,None,47,0,47,0,83.38379929983057,,,83.37213229993358,83.38379929983057,84.3840892999433,84.3840892999433,85.29062129999511,1,up,0,0.9015539998654276,None,pilot,001,2026-09-27_23h40.36.248,signal detection_2,,2026.2.4,60.145347246611095,2026-09-27 23h40.36.282504 +0530,
48,0,48,0,up,1,0.5751447000075132,None,48,0,48,0,85.30028039985336,,,85.29109239997342,85.30028039985336,86.30089999991469,86.30089999991469,86.88829409983009,0,up,1,0.5751447000075132,None,pilot,001,2026-09-27_23h40.36.248,signal detection_2,,2026.2.4,60.145347246611095,2026-09-27 23h40.36.282504 +0530,
49,0,49,0,down,0,0.5836994999554008,None,49,0,49,0,86.90058729983866,,,86.88860889989883,86.90058729983866,87.90167479985394,87.90167479985394,88.48942549992353,0,down,0,0.5836994999554008,None,pilot,001,2026-09-27_23h40.36.248,signal detection_2,,2026.2.4,60.145347246611095,2026-09-27 23h40.36.282504 +0530,
50,0,50,2,down,1,0.6014519999735057,None,50,0,50,0,88.50013219984248,,,88.48975089984015,88.50013219984248,89.50102649978362,89.50102649978362,90.10796019993722,2,down,1,0.6014519999735057,None,pilot,001,2026-09-27_23h40.36.248,signal detection_2,,2026.2.4,60.145347246611095,2026-09-27 23h40.36.282504 +0530,
51,0,51,0,down,0,0.5743357001338154,None,51,0,51,0,90.11695159994997,,,90.10827419999987,90.11695159994997,91.11635859985836,91.11635859985836,91.7041556998156,0,down,0,0.5743357001338154,None,pilot,001,2026-09-27_23h40.36.248,signal detection_2,,2026.2.4,60.145347246611095,2026-09-27 23h40.36.282504 +0530,
52,0,52,3,down,1,0.6705713998526335,None,52,0,52,0,91.71693409979343,,,91.70447729993612,91.71693409979343,92.7165119999554,92.7165119999554,93.38928149989806,3,down,1,0.6705713998526335,None,pilot,001,2026-09-27_23h40.36.248,signal detection_2,,2026.2.4,60.145347246611095,2026-09-27 23h40.36.282504 +0530,
53,0,53,3,down,1,0.636281399987638,None,53,0,53,0,93.40031869988889,,,93.38967459998094,93.40031869988889,94.40069799986668,94.40069799986668,95.03948759986088,3,down,1,0.636281399987638,None,pilot,001,2026-09-27_23h40.36.248,signal detection_2,,2026.2.4,60.145347246611095,2026-09-27 23h40.36.282504 +0530,
54,0,54,1,up,0,0.8160532000474632,None,54,0,54,0,95.05047599994577,,,95.03982199984603,95.05047599994577,96.0514559999574,96.0514559999574,96.8727986998856,1,up,0,0.8160532000474632,None,pilot,001,2026-09-27_23h40.36.248,signal detection_2,,2026.2.4,60.145347246611095,2026-09-27 23h40.36.282504 +0530,
55,0,55,0,up,1,0.7361688998062164,None,55,0,55,0,96.88339879992418,,,96.87310369987972,96.88339879992418,97.8839376999531,97.8839376999531,98.62255669990554,0,up,1,0.7361688998062164,None,pilot,001,2026-09-27_23h40.36.248,signal detection_2,,2026.2.4,60.145347246611095,2026-09-27 23h40.36.282504 +0530,
56,0,56,-5,down,1,0.6505181000102311,None,56,0,56,0,98.63431749981828,,,98.6229088997934,98.63431749981828,99.63399379979819,99.63399379979819,100.2906310998369,-5,down,1,0.6505181000102311,None,pilot,001,2026-09-27_23h40.36.248,signal detection_2,,2026.2.4,60.145347246611095,2026-09-27 23h40.36.282504 +0530,
57,0,57,-4,down,1,0.9588270999956876,None,57,0,57,0,100.30024209991097,,,100.29098309995607,100.30024209991097,101.30000879988074,101.30000879988074,102.2716547998134,-4,down,1,0.9588270999956876,None,pilot,001,2026-09-27_23h40.36.248,signal detection_2,,2026.2.4,60.145347246611095,2026-09-27 23h40.36.282504 +0530,
58,0,58,0,up,1,0.6024142999667674,None,58,0,58,0,102.2841044999659,,,102.27202139981091,102.2841044999659,103.2839836999774,103.2839836999774,103.88874450000003,0,up,1,0.6024142999667674,None,pilot,001,2026-09-27_23h40.36.248,signal detection_2,,2026.2.4,60.145347246611095,2026-09-27 23h40.36.282504 +0530,
59,0,59,0,up,1,0.8560791998170316,None,59,0,59,0,103.89976519998163,,,103.88903299998492,103.89976519998163,104.8989264999982,104.8989264999982,105.77273559989408,0,up,1,0.8560791998170316,None,pilot,001,2026-09-27_23h40.36.248,signal detection_2,,2026.2.4,60.145347246611095,2026-09-27 23h40.36.282504 +0530,
60,0,60,1,down,1,1.0329388999380171,None,60,0,60,0,105.78440389991738,,,105.7731780000031,105.78440389991738,106.78298779996112,106.78298779996112,107.82198559981771,1,down,1,1.0329388999380171,None,pilot,001,2026-09-27_23h40.36.248,signal detection_2,,2026.2.4,60.145347246611095,2026-09-27 23h40.36.282504 +0530,
61,0,61,2,down,1,0.6303881001658738,None,61,0,61,0,107.833444399992,,,107.82230609981343,107.833444399992,108.83358159987256,108.83358159987256,109.47116319998167,2,down,1,0.6303881001658738,None,pilot,001,2026-09-27_23h40.36.248,signal detection_2,,2026.2.4,60.145347246611095,2026-09-27 23h40.36.282504 +0530,
62,0,62,0,up,1,0.746524800080806,None,62,0,62,0,109.48283599992283,,,109.47142499987967,109.48283599992283,110.48388489987701,110.48388489987701,111.23791009979323,0,up,1,0.746524800080806,None,pilot,001,2026-09-27_23h40.36.248,signal detection_2,,2026.2.4,60.145347246611095,2026-09-27 23h40.36.282504 +0530,
63,0,63,0,up,1,1.3489438001997769,None,63,0,63,0,111.24947559996508,,,111.23825299995951,111.24947559996508,112.2494428998325,112.2494428998325,113.60575529979542,0,up,1,1.3489438001997769,None,pilot,001,2026-09-27_23h40.36.248,signal detection_2,,2026.2.4,60.145347246611095,2026-09-27 23h40.36.282504 +0530,
64,0,64,-5,down,1,0.7018880001269281,None,64,0,64,0,113.61623339983635,,,113.60623009991832,113.61623339983635,114.61647749994881,114.61647749994881,115.32343519991264,-5,down,1,0.7018880001269281,None,pilot,001,2026-09-27_23h40.36.248,signal detection_2,,2026.2.4,60.145347246611095,2026-09-27 23h40.36.282504 +0530,
65,0,65,0,up,1,0.9830148001201451,None,65,0,65,0,115.33240129984915,,,115.32373810000718,115.33240129984915,116.33313709986396,116.33313709986396,117.32236439990811,0,up,1,0.9830148001201451,None,pilot,001,2026-09-27_23h40.36.248,signal detection_2,,2026.2.4,60.145347246611095,2026-09-27 23h40.36.282504 +0530,
66,0,66,0,up,1,0.5341644000727683,None,66,0,66,0,117.33272659988143,,,117.32264689984731,117.33272659988143,118.33313329983503,118.33313329983503,118.87161909998395,0,up,1,0.5341644000727683,None,pilot,001,2026-09-27_23h40.36.248,signal detection_2,,2026.2.4,60.145347246611095,2026-09-27 23h40.36.282504 +0530,
67,0,67,0,up,1,0.5387097999919206,None,67,0,67,0,118.88254559994675,,,118.87189770000987,118.88254559994675,119.88371829991229,119.88371829991229,120.4369891998358,0,up,1,0.5387097999919206,None,pilot,001,2026-09-27_23h40.36.248,signal detection_2,,2026.2.4,60.145347246611095,2026-09-27 23h40.36.282504 +0530,
68,0,68,0,up,1,0.4860518998466432,None,68,0,68,0,120.4489833000116,,,120.43727559992112,120.4489833000116,121.4503287000116,121.4503287000116,121.93773079989478,0,up,1,0.4860518998466432,None,pilot,001,2026-09-27_23h40.36.248,signal detection_2,,2026.2.4,60.145347246611095,2026-09-27 23h40.36.282504 +0530,
69,0,69,0,up,1,0.8131480000447482,None,69,0,69,0,121.94961559982039,,,121.93801959999837,121.94961559982039,122.95029770000838,122.95029770000838,123.76974849984981,0,up,1,0.8131480000447482,None,pilot,001,2026-09-27_23h40.36.248,signal detection_2,,2026.2.4,60.145347246611095,2026-09-27 23h40.36.282504 +0530,
70,0,70,-3,down,1,0.7108415998518467,None,70,0,70,0,123.78253049985506,,,123.76999589987099,123.78253049985506,124.78272829996422,124.78272829996422,125.50117349997163,-3,down,1,0.7108415998518467,None,pilot,001,2026-09-27_23h40.36.248,signal detection_2,,2026.2.4,60.145347246611095,2026-09-27 23h40.36.282504 +0530,
71,0,71,-4,down,1,0.5296660999301821,None,71,0,71,0,125.5154500999488,,,125.50138979987241,125.5154500999488,126.5158419997897,126.5158419997897,127.05288639990613,-4,down,1,0.5296660999301821,None,pilot,001,2026-09-27_23h40.36.248,signal detection_2,,2026.2.4,60.145347246611095,2026-09-27 23h40.36.282504 +0530,
72,0,72,-4,down,1,0.4811557999346405,None,72,0,72,0,127.0662535999436,,,127.05317629990168,127.0662535999436,128.06608239980415,128.06608239980415,128.55150629999116,-4,down,1,0.4811557999346405,None,pilot,001,2026-09-27_23h40.36.248,signal detection_2,,2026.2.4,60.145347246611095,2026-09-27 23h40.36.282504 +0530,
73,0,73,0,down,0,0.41712599992752075,None,73,0,73,0,128.56474409997463,,,128.5516770000104,128.56474409997463,129.56506960000843,129.56506960000843,129.98805229994468,0,down,0,0.41712599992752075,None,pilot,001,2026-09-27_23h40.36.248,signal detection_2,,2026.2.4,60.145347246611095,2026-09-27 23h40.36.282504 +0530,
74,0,74,2,down,1,0.3718611001968384,None,74,0,74,0,129.9994558999315,,,129.9883698998019,129.9994558999315,130.9998465999961,130.9998465999961,131.3869137999136,2,down,1,0.3718611001968384,None,pilot,001,2026-09-27_23h40.36.248,signal detection_2,,2026.2.4,60.145347246611095,2026-09-27 23h40.36.282504 +0530,
75,0,75,-3,up,0,0.7401508998591453,None,75,0,75,0,131.40018190001138,,,131.38723120000213,131.40018190001138,132.39969629980624,132.39969629980624,133.151525599882,-3,up,0,0.7401508998591453,None,pilot,001,2026-09-27_23h40.36.248,signal detection_2,,2026.2.4,60.145347246611095,2026-09-27 23h40.36.282504 +0530,
76,0,76,1,down,1,0.5541205001063645,None,76,0,76,0,133.16594049986452,,,133.15175389987417,133.16594049986452,134.16593039990403,134.16593039990403,134.7363220998086,1,down,1,0.5541205001063645,None,pilot,001,2026-09-27_23h40.36.248,signal detection_2,,2026.2.4,60.145347246611095,2026-09-27 23h40.36.282504 +0530,
77,0,77,-2,up,0,0.6771410000510514,None,77,0,77,0,134.74950049980544,,,134.73662139987573,134.74950049980544,135.74803189979866,135.76511699985713,136.43764549982734,-2,up,0,0.6771410000510514,None,pilot,001,2026-09-27_23h40.36.248,signal detection_2,,2026.2.4,60.145347246611095,2026-09-27 23h40.36.282504 +0530,
78,0,78,-4,up,0,0.9165286000352353,None,78,0,78,0,136.44919189997017,,,136.43798069981858,136.44919189997017,137.44840959995054,137.44840959995054,138.37105389987119,-4,up,0,0.9165286000352353,None,pilot,001,2026-09-27_23h40.36.248,signal detection_2,,2026.2.4,60.145347246611095,2026-09-27 23h40.36.282504 +0530,
79,0,79,-5,down,1,0.5462732999585569,None,79,0,79,0,138.3816013999749,,,138.37134169996716,138.3816013999749,139.3819547998719,139.3819547998719,139.9352585999295,-5,down,1,0.5462732999585569,None,pilot,001,2026-09-27_23h40.36.248,signal detection_2,,2026.2.4,60.145347246611095,2026-09-27 23h40.36.282504 +0530,
80,0,80,0,up,1,0.4275746999774128,None,80,0,80,0,139.94919399986975,,,139.93550279992633,139.94919399986975,140.9501050999388,140.9501050999388,141.3869290999137,0,up,1,0.4275746999774128,None,pilot,001,2026-09-27_23h40.36.248,signal detection_2,,2026.2.4,60.145347246611095,2026-09-27 23h40.36.282504 +0530,
81,0,81,0,up,1,0.43796480004675686,None,81,0,81,0,141.39919849997386,,,141.3872337997891,141.39919849997386,142.39967819978483,142.39967819978483,142.84925759979524,0,up,1,0.43796480004675686,None,pilot,001,2026-09-27_23h40.36.248,signal detection_2,,2026.2.4,60.145347246611095,2026-09-27 23h40.36.282504 +0530,
82,0,82,3,up,0,0.5516784000210464,None,82,0,82,0,142.86479129991494,,,142.84942749980837,142.86479129991494,143.86494309990667,143.86494309990667,144.4201916998718,3,up,0,0.5516784000210464,None,pilot,001,2026-09-27_23h40.36.248,signal detection_2,,2026.2.4,60.145347246611095,2026-09-27 23h40.36.282504 +0530,
83,0,83,0,up,1,0.8195384000428021,None,83,0,83,0,144.43189639993943,,,144.42045239987783,144.43189639993943,145.4326265999116,145.4326265999116,146.2541001997888,0,up,1,0.8195384000428021,None,pilot,001,2026-09-27_23h40.36.248,signal detection_2,,2026.2.4,60.145347246611095,2026-09-27 23h40.36.282504 +0530,
84,0,84,2,down,1,0.7738149000797421,None,84,0,84,0,146.26472749980167,,,146.2544627999887,146.26472749980167,147.26516660000198,147.26516660000198,148.0538582999725,2,down,1,0.7738149000797421,None,pilot,001,2026-09-27_23h40.36.248,signal detection_2,,2026.2.4,60.145347246611095,2026-09-27 23h40.36.282504 +0530,
85,0,85,0,down,0,0.7712099999189377,None,85,0,85,0,148.06576289981604,,,148.054220699938,148.06576289981604,149.06522289989516,149.06522289989516,149.85443239985034,0,down,0,0.7712099999189377,None,pilot,001,2026-09-27_23h40.36.248,signal detection_2,,2026.2.4,60.145347246611095,2026-09-27 23h40.36.282504 +0530,
86,0,86,-2,up,0,0.5353017998859286,None,86,0,86,0,149.86520339990966,,,149.8548244999256,149.86520339990966,150.86525459983386,150.86525459983386,151.40429179999046,-2,up,0,0.5353017998859286,None,pilot,001,2026-09-27_23h40.36.248,signal detection_2,,2026.2.4,60.145347246611095,2026-09-27 23h40.36.282504 +0530,
87,0,87,0,up,1,0.691956500057131,None,87,0,87,0,151.41490420000628,,,151.4047635998577,151.41490420000628,152.4156820999924,152.4156820999924,153.11989069986157,0,up,1,0.691956500057131,None,pilot,001,2026-09-27_23h40.36.248,signal detection_2,,2026.2.4,60.145347246611095,2026-09-27 23h40.36.282504 +0530,
88,0,88,-5,up,0,0.870623999973759,None,88,0,88,0,153.13218259997666,,,153.1202170997858,153.13218259997666,154.13221179996617,154.13221179996617,155.0052264998667,-5,up,0,0.870623999973759,None,pilot,001,2026-09-27_23h40.36.248,signal detection_2,,2026.2.4,60.145347246611095,2026-09-27 23h40.36.282504 +0530,
89,0,89,2,down,1,0.8002583000343293,None,89,0,89,0,155.01569469994865,,,155.00555679993704,155.01569469994865,156.0152880998794,156.0152880998794,156.8209939999506,2,down,1,0.8002583000343293,None,pilot,001,2026-09-27_23h40.36.248,signal detection_2,,2026.2.4,60.145347246611095,2026-09-27 23h40.36.282504 +0530,
90,0,90,0,up,1,0.7844202001579106,None,90,0,90,0,156.83291110000573,,,156.8213090999052,156.83291110000573,157.83268899982795,157.83268899982795,158.6225735999178,0,up,1,0.7844202001579106,None,pilot,001,2026-09-27_23h40.36.248,signal detection_2,,2026.2.4,60.145347246611095,2026-09-27 23h40.36.282504 +0530,
91,0,91,3,up,0,0.8097357999067754,None,91,0,91,0,158.63181539997458,,,158.62290570000187,158.63181539997458,159.6320773998741,159.6320773998741,160.45200479985215,3,up,0,0.8097357999067754,None,pilot,001,2026-09-27_23h40.36.248,signal detection_2,,2026.2.4,60.145347246611095,2026-09-27 23h40.36.282504 +0530,
92,0,92,0,up,1,0.9391968999989331,None,92,0,92,0,160.4652325999923,,,160.45229369984008,160.4652325999923,161.46511709992774,161.46511709992774,162.42020039982162,0,up,1,0.9391968999989331,None,pilot,001,2026-09-27_23h40.36.248,signal detection_2,,2026.2.4,60.145347246611095,2026-09-27 23h40.36.282504 +0530,
93,0,93,-5,up,0,1.0803894998971373,None,93,0,93,0,162.43170199985616,,,162.42054209997877,162.43170199985616,163.43203969998285,163.43203969998285,164.5191590997856,-5,up,0,1.0803894998971373,None,pilot,001,2026-09-27_23h40.36.248,signal detection_2,,2026.2.4,60.145347246611095,2026-09-27 23h40.36.282504 +0530,
94,0,94,1,down,1,0.6506129000335932,None,94,0,94,0,164.53179779998027,,,164.51943379989825,164.53179779998027,165.53192119998857,165.53192119998857,166.18639669986442,1,down,1,0.6506129000335932,None,pilot,001,2026-09-27_23h40.36.248,signal detection_2,,2026.2.4,60.145347246611095,2026-09-27 23h40.36.282504 +0530,
95,0,95,0,up,1,0.579446200048551,None,95,0,95,0,166.19787499983795,,,166.1866562999785,166.19787499983795,167.19801139994524,167.19801139994524,167.78680829983205,0,up,1,0.579446200048551,None,pilot,001,2026-09-27_23h40.36.248,signal detection_2,,2026.2.4,60.145347246611095,2026-09-27 23h40.36.282504 +0530,
96,0,96,4,down,1,0.5221782000735402,None,96,0,96,0,167.79815529985353,,,167.78719569998793,167.79815529985353,168.79768409999087,168.79768409999087,169.32119219982997,4,down,1,0.5221782000735402,None,pilot,001,2026-09-27_23h40.36.248,signal detection_2,,2026.2.4,60.145347246611095,2026-09-27 23h40.36.282504 +0530,
97,0,97,0,down,0,0.7858716999180615,None,97,0,97,0,169.33120569982566,,,169.32155240001157,169.33120569982566,170.33195179980248,170.33195179980248,171.11994409980252,0,down,0,0.7858716999180615,None,pilot,001,2026-09-27_23h40.36.248,signal detection_2,,2026.2.4,60.145347246611095,2026-09-27 23h40.36.282504 +0530,
98,0,98,-2,down,1,0.3899429999291897,None,98,0,98,0,171.13150909985416,,,171.12025199993514,171.13150909985416,172.13147599995136,172.13147599995136,172.5370477999095,-2,down,1,0.3899429999291897,None,pilot,001,2026-09-27_23h40.36.248,signal detection_2,,2026.2.4,60.145347246611095,2026-09-27 23h40.36.282504 +0530,
99,0,99,2,up,0,0.3864839000161737,None,99,0,99,0,172.5489736997988,,,172.5374194998294,172.5489736997988,173.5484471998643,173.5484471998643,173.93601499986835,2,up,0,0.3864839000161737,None,pilot,001,2026-09-27_23h40.36.248,signal detection_2,,2026.2.4,60.145347246611095,2026-09-27 23h40.36.282504 +0530,
